[
{
  "model": "service_development.voicelabel",
  "pk": 1,
  "fields": {
    "name": "Dutch language",
    "description": "Nederlandse taal"
  }
},
{
  "model": "service_development.voicelabel",
  "pk": 2,
  "fields": {
    "name": "General error message",
    "description": ""
  }
},
{
  "model": "service_development.voicelabel",
  "pk": 3,
  "fields": {
    "name": "This is the truth",
    "description": ""
  }
},
{
  "model": "service_development.voicelabel",
  "pk": 4,
  "fields": {
    "name": "English language",
    "description": ""
  }
},
{
  "model": "service_development.voicelabel",
  "pk": 5,
  "fields": {
    "name": "Thank you for using this service",
    "description": ""
  }
},
{
  "model": "service_development.voicelabel",
  "pk": 6,
  "fields": {
    "name": "Wow, it must be a really boring guy!",
    "description": ""
  }
},
{
  "model": "service_development.voicelabel",
  "pk": 7,
  "fields": {
    "name": "French language",
    "description": ""
  }
},
{
  "model": "service_development.voicelabel",
  "pk": 8,
  "fields": {
    "name": "Please select your language",
    "description": ""
  }
},
{
  "model": "service_development.voicelabel",
  "pk": 9,
  "fields": {
    "name": "Pre Choice Option",
    "description": ""
  }
},
{
  "model": "service_development.voicelabel",
  "pk": 10,
  "fields": {
    "name": "Post Choice Option",
    "description": ""
  }
},
{
  "model": "service_development.voicelabel",
  "pk": 11,
  "fields": {
    "name": "One",
    "description": ""
  }
},
{
  "model": "service_development.voicelabel",
  "pk": 12,
  "fields": {
    "name": "Two",
    "description": ""
  }
},
{
  "model": "service_development.voicelabel",
  "pk": 13,
  "fields": {
    "name": "Three",
    "description": ""
  }
},
{
  "model": "service_development.voicelabel",
  "pk": 14,
  "fields": {
    "name": "Four",
    "description": ""
  }
},
{
  "model": "service_development.voicelabel",
  "pk": 15,
  "fields": {
    "name": "Five",
    "description": ""
  }
},
{
  "model": "service_development.voicelabel",
  "pk": 16,
  "fields": {
    "name": "Six",
    "description": ""
  }
},
{
  "model": "service_development.voicelabel",
  "pk": 17,
  "fields": {
    "name": "Seven",
    "description": ""
  }
},
{
  "model": "service_development.voicelabel",
  "pk": 18,
  "fields": {
    "name": "Eight",
    "description": ""
  }
},
{
  "model": "service_development.voicelabel",
  "pk": 19,
  "fields": {
    "name": "Nine",
    "description": ""
  }
},
{
  "model": "service_development.voicelabel",
  "pk": 20,
  "fields": {
    "name": "Zero",
    "description": ""
  }
},
{
  "model": "service_development.voicelabel",
  "pk": 21,
  "fields": {
    "name": "Yes",
    "description": ""
  }
},
{
  "model": "service_development.voicelabel",
  "pk": 22,
  "fields": {
    "name": "No",
    "description": ""
  }
},
{
  "model": "service_development.voicelabel",
  "pk": 23,
  "fields": {
    "name": "Does the king like to drink beer?",
    "description": ""
  }
},
{
  "model": "service_development.voicelabel",
  "pk": 25,
  "fields": {
    "name": "Please speak your message",
    "description": ""
  }
},
{
  "model": "service_development.voicelabel",
  "pk": 26,
  "fields": {
    "name": "00 Do you want to contact a veterinarian?",
    "description": "Do you want to contact a veterinarian?"
  }
},
{
  "model": "service_development.voicelabel",
  "pk": 27,
  "fields": {
    "name": "00 Welcome to PoultryVet.",
    "description": "Welcome to PoultryVet."
  }
},
{
  "model": "service_development.voicelabel",
  "pk": 28,
  "fields": {
    "name": "00 This phone call will be terminated.",
    "description": "This phone call will be terminated."
  }
},
{
  "model": "service_development.voicelabel",
  "pk": 29,
  "fields": {
    "name": "00 If yes press 1",
    "description": "If yes press 1"
  }
},
{
  "model": "service_development.voicelabel",
  "pk": 30,
  "fields": {
    "name": "00 If no press 2",
    "description": "If no press 2"
  }
},
{
  "model": "service_development.voicelabel",
  "pk": 31,
  "fields": {
    "name": "00 Does the animal has ruffled feathers?",
    "description": "Does the animal has ruffled feathers?"
  }
},
{
  "model": "service_development.voicelabel",
  "pk": 32,
  "fields": {
    "name": "00 Does your animal has watery and green diarrhea?",
    "description": "Does your animal has watery and green diarrhea?"
  }
},
{
  "model": "service_development.voicelabel",
  "pk": 33,
  "fields": {
    "name": "00 For chickens press 1",
    "description": "For chickens press 1"
  }
},
{
  "model": "service_development.voicelabel",
  "pk": 34,
  "fields": {
    "name": "00 For fowls press 2",
    "description": "For fowls press 2"
  }
},
{
  "model": "service_development.voicelabel",
  "pk": 35,
  "fields": {
    "name": "00 For ducks press 3",
    "description": "For ducks press 3"
  }
},
{
  "model": "service_development.voicelabel",
  "pk": 36,
  "fields": {
    "name": "00 For turkeys press 4",
    "description": "For turkeys press 4"
  }
},
{
  "model": "service_development.voicelabel",
  "pk": 37,
  "fields": {
    "name": "00 For veterinarian 1 press 1",
    "description": "For veterinarian 1 press 1"
  }
},
{
  "model": "service_development.voicelabel",
  "pk": 38,
  "fields": {
    "name": "00 For veterinarian 2 press 2",
    "description": "For veterinarian 2 press 2"
  }
},
{
  "model": "service_development.voicelabel",
  "pk": 39,
  "fields": {
    "name": "00 For veterinarian 3 press 3",
    "description": "For veterinarian 3 press 3"
  }
},
{
  "model": "service_development.voicelabel",
  "pk": 40,
  "fields": {
    "name": "00 Fowl Pox",
    "description": "Fowl Pox"
  }
},
{
  "model": "service_development.voicelabel",
  "pk": 41,
  "fields": {
    "name": "00 Infectious Bursal",
    "description": "Infectious Bursal"
  }
},
{
  "model": "service_development.voicelabel",
  "pk": 42,
  "fields": {
    "name": "00 Mareks Disease",
    "description": "Mareks Disease"
  }
},
{
  "model": "service_development.voicelabel",
  "pk": 43,
  "fields": {
    "name": "00 Newcastle Disease",
    "description": "Newcastle Disease"
  }
},
{
  "model": "service_development.voicelabel",
  "pk": 44,
  "fields": {
    "name": "00 Message veterinarian 1",
    "description": "Message Veterinarian 1"
  }
},
{
  "model": "service_development.voicelabel",
  "pk": 45,
  "fields": {
    "name": "00 Message veterinarian 2",
    "description": "Message veterinarian 2"
  }
},
{
  "model": "service_development.voicelabel",
  "pk": 46,
  "fields": {
    "name": "00 Message veterinarian 3",
    "description": "Message veterinarian 3"
  }
},
{
  "model": "service_development.voicelabel",
  "pk": 47,
  "fields": {
    "name": "00 Put through veterinarian 1",
    "description": "Put through veterinarian 1"
  }
},
{
  "model": "service_development.voicelabel",
  "pk": 48,
  "fields": {
    "name": "00 Put through veterinarian 2",
    "description": "Put through veterinarian 2"
  }
},
{
  "model": "service_development.voicelabel",
  "pk": 49,
  "fields": {
    "name": "00 Put through veterinarian 3",
    "description": "Put through veterinarian 3"
  }
},
{
  "model": "service_development.voicelabel",
  "pk": 50,
  "fields": {
    "name": "00 Veterinarian 1 has",
    "description": "Veterinarian 1 has"
  }
},
{
  "model": "service_development.voicelabel",
  "pk": 51,
  "fields": {
    "name": "00 Veterinarian 2 has",
    "description": "Veterinarian 2 has"
  }
},
{
  "model": "service_development.voicelabel",
  "pk": 52,
  "fields": {
    "name": "00 Veterinarian 3 has",
    "description": "Veterinarian 3 has"
  }
},
{
  "model": "service_development.voicelabel",
  "pk": 53,
  "fields": {
    "name": "00 Is the animal abnormally shaking its head?",
    "description": "Is the animal abnormally shaking its head?"
  }
},
{
  "model": "service_development.voicelabel",
  "pk": 54,
  "fields": {
    "name": "00 Animal drinking and eating less than normal?",
    "description": "Is the animal drinking and eating less than normal?"
  }
},
{
  "model": "service_development.voicelabel",
  "pk": 55,
  "fields": {
    "name": "00 Is the animal sneezing?",
    "description": "Is the animal sneezing?"
  }
},
{
  "model": "service_development.voicelabel",
  "pk": 56,
  "fields": {
    "name": "00 Animal suffering from lameness and or blind?",
    "description": "Is the animal suffering from lameness and or blindness?"
  }
},
{
  "model": "service_development.voicelabel",
  "pk": 57,
  "fields": {
    "name": "00 Animal suffering from warts or scabs on body?",
    "description": "Is the animal suffering from warts and or scabs on his body?"
  }
},
{
  "model": "service_development.voicelabel",
  "pk": 58,
  "fields": {
    "name": "00 No diagnosis",
    "description": "No diagnosis"
  }
},
{
  "model": "service_development.voicelabel",
  "pk": 59,
  "fields": {
    "name": "00 Please hold the line as we put you through.",
    "description": "Please hold the line as we put you through."
  }
},
{
  "model": "service_development.voicelabel",
  "pk": 60,
  "fields": {
    "name": "00 Please select your animal.",
    "description": "Please select your animal."
  }
},
{
  "model": "service_development.voicelabel",
  "pk": 61,
  "fields": {
    "name": "00 Thank you",
    "description": "Thank you"
  }
},
{
  "model": "service_development.voicelabel",
  "pk": 62,
  "fields": {
    "name": "00 Thank you for contacting PoultryVet.",
    "description": "Thank you for contacting PoultryVet."
  }
},
{
  "model": "service_development.voicelabel",
  "pk": 63,
  "fields": {
    "name": "00 We are going to ask a couple of questions.",
    "description": "We now are going to ask  a couple of questions to diagnose the disease of your animal."
  }
},
{
  "model": "service_development.voicelabel",
  "pk": 64,
  "fields": {
    "name": "00 You can choose from 3 veterinarians.",
    "description": "You can choose from 3 veterinarians."
  }
},
{
  "model": "service_development.voicelabel",
  "pk": 65,
  "fields": {
    "name": "00 You want to contact a veterinarian.",
    "description": "You want to contact a veterinarian."
  }
},
{
  "model": "service_development.voicelabel",
  "pk": 66,
  "fields": {
    "name": "00 To listen to fowl pox info press 1",
    "description": "If you want to listen to info about fowl pox press 1"
  }
},
{
  "model": "service_development.voicelabel",
  "pk": 67,
  "fields": {
    "name": "00 To listen to Mareks info press 1",
    "description": "If you want to listen to info about Mareks press 1"
  }
},
{
  "model": "service_development.voicelabel",
  "pk": 68,
  "fields": {
    "name": "00 To listen to new castle info press 1",
    "description": "If you want to listen to info about new castle press 1"
  }
},
{
  "model": "service_development.voicelabel",
  "pk": 69,
  "fields": {
    "name": "00 To listen to infectious brusal info press 1",
    "description": "If you want to listen to info about infectious brusal press 1"
  }
},
{
  "model": "service_development.voicelabel",
  "pk": 70,
  "fields": {
    "name": "00 Fowl Pox info",
    "description": "Fowl Pox Info"
  }
},
{
  "model": "service_development.voicelabel",
  "pk": 71,
  "fields": {
    "name": "00 Newcastle info",
    "description": "Newcastle info"
  }
},
{
  "model": "service_development.voicelabel",
  "pk": 72,
  "fields": {
    "name": "00 Infectious Bursal info",
    "description": "Infectious Bursal info"
  }
},
{
  "model": "service_development.voicelabel",
  "pk": 73,
  "fields": {
    "name": "00 Mareks info",
    "description": "Mareks info"
  }
},
{
  "model": "service_development.voicelabel",
  "pk": 74,
  "fields": {
    "name": "00 If you want to contact a veterinarian press 2",
    "description": "If you want to contact a veterinarian press 2"
  }
},
{
  "model": "service_development.voicelabel",
  "pk": 75,
  "fields": {
    "name": "00 If you dont want to contact a vet press 3",
    "description": "If you dont want to contact a veterinarian press 3"
  }
},
{
  "model": "service_development.language",
  "pk": 2,
  "fields": {
    "name": "English",
    "code": "en",
    "voice_label": 4,
    "error_message": 2,
    "select_language": 8,
    "pre_choice_option": 9,
    "post_choice_option": 10,
    "one": 11,
    "two": 12,
    "three": 13,
    "four": 14,
    "five": 15,
    "six": 16,
    "seven": 17,
    "eight": 18,
    "nine": 19,
    "zero": 20
  }
},
{
  "model": "service_development.voicefragment",
  "pk": 1,
  "fields": {
    "parent": 6,
    "language": 2,
    "audio": "boring_guy_en.wav"
  }
},
{
  "model": "service_development.voicefragment",
  "pk": 7,
  "fields": {
    "parent": 22,
    "language": 2,
    "audio": "no_en.wav"
  }
},
{
  "model": "service_development.voicefragment",
  "pk": 10,
  "fields": {
    "parent": 21,
    "language": 2,
    "audio": "yes_en.wav"
  }
},
{
  "model": "service_development.voicefragment",
  "pk": 13,
  "fields": {
    "parent": 20,
    "language": 2,
    "audio": "0_en.wav"
  }
},
{
  "model": "service_development.voicefragment",
  "pk": 16,
  "fields": {
    "parent": 19,
    "language": 2,
    "audio": "9_fr.wav"
  }
},
{
  "model": "service_development.voicefragment",
  "pk": 19,
  "fields": {
    "parent": 18,
    "language": 2,
    "audio": "8_en.wav"
  }
},
{
  "model": "service_development.voicefragment",
  "pk": 22,
  "fields": {
    "parent": 17,
    "language": 2,
    "audio": "7_en.wav"
  }
},
{
  "model": "service_development.voicefragment",
  "pk": 25,
  "fields": {
    "parent": 16,
    "language": 2,
    "audio": "6_en.wav"
  }
},
{
  "model": "service_development.voicefragment",
  "pk": 28,
  "fields": {
    "parent": 15,
    "language": 2,
    "audio": "5_en.wav"
  }
},
{
  "model": "service_development.voicefragment",
  "pk": 31,
  "fields": {
    "parent": 14,
    "language": 2,
    "audio": "4_fr.wav"
  }
},
{
  "model": "service_development.voicefragment",
  "pk": 34,
  "fields": {
    "parent": 13,
    "language": 2,
    "audio": "3_en.wav"
  }
},
{
  "model": "service_development.voicefragment",
  "pk": 37,
  "fields": {
    "parent": 12,
    "language": 2,
    "audio": "2_en.wav"
  }
},
{
  "model": "service_development.voicefragment",
  "pk": 40,
  "fields": {
    "parent": 11,
    "language": 2,
    "audio": "1_en.wav"
  }
},
{
  "model": "service_development.voicefragment",
  "pk": 43,
  "fields": {
    "parent": 10,
    "language": 2,
    "audio": "post_choice_option_en.wav"
  }
},
{
  "model": "service_development.voicefragment",
  "pk": 46,
  "fields": {
    "parent": 9,
    "language": 2,
    "audio": "pre_choice_option_en.wav"
  }
},
{
  "model": "service_development.voicefragment",
  "pk": 49,
  "fields": {
    "parent": 8,
    "language": 2,
    "audio": "select_language_en.wav"
  }
},
{
  "model": "service_development.voicefragment",
  "pk": 52,
  "fields": {
    "parent": 7,
    "language": 2,
    "audio": "french_en.wav"
  }
},
{
  "model": "service_development.voicefragment",
  "pk": 56,
  "fields": {
    "parent": 5,
    "language": 2,
    "audio": "thank_you_for_using_en.wav"
  }
},
{
  "model": "service_development.voicefragment",
  "pk": 59,
  "fields": {
    "parent": 4,
    "language": 2,
    "audio": "english_en.wav"
  }
},
{
  "model": "service_development.voicefragment",
  "pk": 62,
  "fields": {
    "parent": 3,
    "language": 2,
    "audio": "truth_en.wav"
  }
},
{
  "model": "service_development.voicefragment",
  "pk": 65,
  "fields": {
    "parent": 2,
    "language": 2,
    "audio": "error_en.wav"
  }
},
{
  "model": "service_development.voicefragment",
  "pk": 68,
  "fields": {
    "parent": 1,
    "language": 2,
    "audio": "dutch_en.wav"
  }
},
{
  "model": "service_development.voicefragment",
  "pk": 71,
  "fields": {
    "parent": 23,
    "language": 2,
    "audio": "king_question_en.wav"
  }
},
{
  "model": "service_development.voicefragment",
  "pk": 75,
  "fields": {
    "parent": 26,
    "language": 2,
    "audio": "Do_you_want_to_contact_a_veterinarian.wav"
  }
},
{
  "model": "service_development.voicefragment",
  "pk": 76,
  "fields": {
    "parent": 27,
    "language": 2,
    "audio": "Welcome_to_PoultryVet.wav"
  }
},
{
  "model": "service_development.voicefragment",
  "pk": 77,
  "fields": {
    "parent": 28,
    "language": 2,
    "audio": "This_phone_call_now_will_be_terminated.wav"
  }
},
{
  "model": "service_development.voicefragment",
  "pk": 78,
  "fields": {
    "parent": 29,
    "language": 2,
    "audio": "If_yes_press_1.wav"
  }
},
{
  "model": "service_development.voicefragment",
  "pk": 79,
  "fields": {
    "parent": 30,
    "language": 2,
    "audio": "If_no_press_2.wav"
  }
},
{
  "model": "service_development.voicefragment",
  "pk": 80,
  "fields": {
    "parent": 31,
    "language": 2,
    "audio": "Does_the_animal_has_ruffled_feathers.wav"
  }
},
{
  "model": "service_development.voicefragment",
  "pk": 81,
  "fields": {
    "parent": 32,
    "language": 2,
    "audio": "Does_the_animal_has_watery_and_green_diarrhea.wav"
  }
},
{
  "model": "service_development.voicefragment",
  "pk": 82,
  "fields": {
    "parent": 33,
    "language": 2,
    "audio": "For_chickens_press_1.wav"
  }
},
{
  "model": "service_development.voicefragment",
  "pk": 83,
  "fields": {
    "parent": 34,
    "language": 2,
    "audio": "For_fowls_press_2.wav"
  }
},
{
  "model": "service_development.voicefragment",
  "pk": 84,
  "fields": {
    "parent": 35,
    "language": 2,
    "audio": "For_ducks_press_3.wav"
  }
},
{
  "model": "service_development.voicefragment",
  "pk": 85,
  "fields": {
    "parent": 36,
    "language": 2,
    "audio": "For_turkeys_press_4.wav"
  }
},
{
  "model": "service_development.voicefragment",
  "pk": 86,
  "fields": {
    "parent": 37,
    "language": 2,
    "audio": "For_veterinarian_1_press_1.wav"
  }
},
{
  "model": "service_development.voicefragment",
  "pk": 87,
  "fields": {
    "parent": 38,
    "language": 2,
    "audio": "For_veterinarian_2_press_2.wav"
  }
},
{
  "model": "service_development.voicefragment",
  "pk": 88,
  "fields": {
    "parent": 39,
    "language": 2,
    "audio": "For_veterinarian_3_press_3.wav"
  }
},
{
  "model": "service_development.voicefragment",
  "pk": 89,
  "fields": {
    "parent": 40,
    "language": 2,
    "audio": "Fowl_Pox.wav"
  }
},
{
  "model": "service_development.voicefragment",
  "pk": 90,
  "fields": {
    "parent": 41,
    "language": 2,
    "audio": "Infectious_Bursal.wav"
  }
},
{
  "model": "service_development.voicefragment",
  "pk": 91,
  "fields": {
    "parent": 42,
    "language": 2,
    "audio": "Mareks_Disease.wav"
  }
},
{
  "model": "service_development.voicefragment",
  "pk": 92,
  "fields": {
    "parent": 43,
    "language": 2,
    "audio": "Newcastle_Disease.wav"
  }
},
{
  "model": "service_development.voicefragment",
  "pk": 93,
  "fields": {
    "parent": 44,
    "language": 2,
    "audio": "Message_veterinarian_1.wav"
  }
},
{
  "model": "service_development.voicefragment",
  "pk": 94,
  "fields": {
    "parent": 45,
    "language": 2,
    "audio": "Message_veterinarian_2.wav"
  }
},
{
  "model": "service_development.voicefragment",
  "pk": 95,
  "fields": {
    "parent": 46,
    "language": 2,
    "audio": "Message_veterinarian_3.wav"
  }
},
{
  "model": "service_development.voicefragment",
  "pk": 96,
  "fields": {
    "parent": 47,
    "language": 2,
    "audio": "Put_through_veterinarian_1.wav"
  }
},
{
  "model": "service_development.voicefragment",
  "pk": 97,
  "fields": {
    "parent": 48,
    "language": 2,
    "audio": "Put_through_veterinarian_2.wav"
  }
},
{
  "model": "service_development.voicefragment",
  "pk": 98,
  "fields": {
    "parent": 49,
    "language": 2,
    "audio": "Put_through_veterinarian_3.wav"
  }
},
{
  "model": "service_development.voicefragment",
  "pk": 99,
  "fields": {
    "parent": 50,
    "language": 2,
    "audio": "Veterinarian_1_has.wav"
  }
},
{
  "model": "service_development.voicefragment",
  "pk": 100,
  "fields": {
    "parent": 51,
    "language": 2,
    "audio": "Veterinarian_2_has.wav"
  }
},
{
  "model": "service_development.voicefragment",
  "pk": 101,
  "fields": {
    "parent": 52,
    "language": 2,
    "audio": "Veterinarian_3_has.wav"
  }
},
{
  "model": "service_development.voicefragment",
  "pk": 102,
  "fields": {
    "parent": 53,
    "language": 2,
    "audio": "Is_the_animal_abnormally_shaking_its_head.wav"
  }
},
{
  "model": "service_development.voicefragment",
  "pk": 103,
  "fields": {
    "parent": 54,
    "language": 2,
    "audio": "Is_the_animal_drinking_and_eating_less_than_normal.wav"
  }
},
{
  "model": "service_development.voicefragment",
  "pk": 104,
  "fields": {
    "parent": 55,
    "language": 2,
    "audio": "Is_the_animal_sneezing.wav"
  }
},
{
  "model": "service_development.voicefragment",
  "pk": 105,
  "fields": {
    "parent": 56,
    "language": 2,
    "audio": "Is_the_animal_suffering_from_lameness_and_or_blindness.wav"
  }
},
{
  "model": "service_development.voicefragment",
  "pk": 106,
  "fields": {
    "parent": 57,
    "language": 2,
    "audio": "Is_the_animal_suffering_from_warts_and_or_scabs_on_his_body.wav"
  }
},
{
  "model": "service_development.voicefragment",
  "pk": 107,
  "fields": {
    "parent": 58,
    "language": 2,
    "audio": "No_diagnosis.wav"
  }
},
{
  "model": "service_development.voicefragment",
  "pk": 108,
  "fields": {
    "parent": 59,
    "language": 2,
    "audio": "Please_hold_the_line_as_we_put_you_through.wav"
  }
},
{
  "model": "service_development.voicefragment",
  "pk": 109,
  "fields": {
    "parent": 60,
    "language": 2,
    "audio": "Please_select_your_animal.wav"
  }
},
{
  "model": "service_development.voicefragment",
  "pk": 110,
  "fields": {
    "parent": 61,
    "language": 2,
    "audio": "Thank_you.wav"
  }
},
{
  "model": "service_development.voicefragment",
  "pk": 111,
  "fields": {
    "parent": 62,
    "language": 2,
    "audio": "Thank_you_for_contacting_PoultryVet.wav"
  }
},
{
  "model": "service_development.voicefragment",
  "pk": 112,
  "fields": {
    "parent": 63,
    "language": 2,
    "audio": "We_are_going_to_ask_a_couple_of_questions.wav"
  }
},
{
  "model": "service_development.voicefragment",
  "pk": 113,
  "fields": {
    "parent": 64,
    "language": 2,
    "audio": "You_can_choose_from_3_veterinarians.wav"
  }
},
{
  "model": "service_development.voicefragment",
  "pk": 114,
  "fields": {
    "parent": 65,
    "language": 2,
    "audio": "You_want_to_contact_a_veterinarian.wav"
  }
},
{
  "model": "service_development.voicefragment",
  "pk": 115,
  "fields": {
    "parent": 66,
    "language": 2,
    "audio": "Menu10_A_Fowl_Pox.wav"
  }
},
{
  "model": "service_development.voicefragment",
  "pk": 116,
  "fields": {
    "parent": 67,
    "language": 2,
    "audio": "Menu12_A_Mareks_Disease.wav"
  }
},
{
  "model": "service_development.voicefragment",
  "pk": 117,
  "fields": {
    "parent": 68,
    "language": 2,
    "audio": "Menu9_A_Newcastle_Disease.wav"
  }
},
{
  "model": "service_development.voicefragment",
  "pk": 118,
  "fields": {
    "parent": 69,
    "language": 2,
    "audio": "Menu11_A_Infectious_Bursal_Disease.wav"
  }
},
{
  "model": "service_development.voicefragment",
  "pk": 119,
  "fields": {
    "parent": 70,
    "language": 2,
    "audio": "Fowl_pox_info.wav"
  }
},
{
  "model": "service_development.voicefragment",
  "pk": 120,
  "fields": {
    "parent": 71,
    "language": 2,
    "audio": "New_castle_info.wav"
  }
},
{
  "model": "service_development.voicefragment",
  "pk": 121,
  "fields": {
    "parent": 72,
    "language": 2,
    "audio": "Infectious_bursal_info.wav"
  }
},
{
  "model": "service_development.voicefragment",
  "pk": 122,
  "fields": {
    "parent": 73,
    "language": 2,
    "audio": "Mareks_info.wav"
  }
},
{
  "model": "service_development.voicefragment",
  "pk": 123,
  "fields": {
    "parent": 74,
    "language": 2,
    "audio": "If_you_want_to_contact_a_veterinarian_press_2.wav"
  }
},
{
  "model": "service_development.voicefragment",
  "pk": 124,
  "fields": {
    "parent": 75,
    "language": 2,
    "audio": "If_you_dont_want_to_contact_a_veterinarian_press_3.wav"
  }
},
{
  "model": "service_development.voiceservicesubelement",
  "pk": 8,
  "fields": {
    "service": 1,
    "creation_date": "2018-05-02T08:04:19.531Z",
    "modification_date": "2018-05-02T10:10:16.739Z",
    "name": "Welcome to PoultryVet",
    "description": "Welcome to PoultryVet",
    "voice_label": 27
  }
},
{
  "model": "service_development.voiceservicesubelement",
  "pk": 10,
  "fields": {
    "service": 1,
    "creation_date": "2018-05-02T08:05:06.034Z",
    "modification_date": "2018-05-02T08:05:06.034Z",
    "name": "This phone call now will be terminated.",
    "description": "",
    "voice_label": 28
  }
},
{
  "model": "service_development.voiceservicesubelement",
  "pk": 11,
  "fields": {
    "service": 1,
    "creation_date": "2018-05-02T08:06:07.056Z",
    "modification_date": "2018-05-02T09:37:14.365Z",
    "name": "CE - Do you want to contact a veterinarian?",
    "description": "Do you want to contact a veterinarian?",
    "voice_label": 26
  }
},
{
  "model": "service_development.voiceservicesubelement",
  "pk": 12,
  "fields": {
    "service": 1,
    "creation_date": "2018-05-02T08:06:07.061Z",
    "modification_date": "2018-05-02T09:36:04.033Z",
    "name": "1",
    "description": "Yes",
    "voice_label": 29
  }
},
{
  "model": "service_development.voiceservicesubelement",
  "pk": 13,
  "fields": {
    "service": 1,
    "creation_date": "2018-05-02T08:06:07.063Z",
    "modification_date": "2018-05-02T09:36:04.035Z",
    "name": "2",
    "description": "No",
    "voice_label": 30
  }
},
{
  "model": "service_development.voiceservicesubelement",
  "pk": 15,
  "fields": {
    "service": 1,
    "creation_date": "2018-05-02T09:07:38.589Z",
    "modification_date": "2018-05-02T09:42:51.682Z",
    "name": "Thank you",
    "description": "Thank you",
    "voice_label": 61
  }
},
{
  "model": "service_development.voiceservicesubelement",
  "pk": 16,
  "fields": {
    "service": 1,
    "creation_date": "2018-05-02T09:10:00.259Z",
    "modification_date": "2018-05-02T10:14:47.568Z",
    "name": "Animal suffers from Bursal Disease.",
    "description": "Animal suffers from Bursal Disease.",
    "voice_label": 41
  }
},
{
  "model": "service_development.voiceservicesubelement",
  "pk": 17,
  "fields": {
    "service": 1,
    "creation_date": "2018-05-02T09:10:37.789Z",
    "modification_date": "2018-05-02T10:14:37.761Z",
    "name": "Animal suffers from Fowl Pox.",
    "description": "Animal suffers from Fowl Pox.",
    "voice_label": 40
  }
},
{
  "model": "service_development.voiceservicesubelement",
  "pk": 18,
  "fields": {
    "service": 1,
    "creation_date": "2018-05-02T09:22:44.636Z",
    "modification_date": "2018-05-02T10:14:29.187Z",
    "name": "Animal suffers from Marek's Disease.",
    "description": "Animal suffers from Marek's Disease.",
    "voice_label": 42
  }
},
{
  "model": "service_development.voiceservicesubelement",
  "pk": 19,
  "fields": {
    "service": 1,
    "creation_date": "2018-05-02T09:23:56.433Z",
    "modification_date": "2018-05-02T10:14:13.501Z",
    "name": "Animal suffers from Newcastle Disease.",
    "description": "Animal suffers from Newcastle Disease.",
    "voice_label": 43
  }
},
{
  "model": "service_development.voiceservicesubelement",
  "pk": 20,
  "fields": {
    "service": 1,
    "creation_date": "2018-05-02T09:24:57.817Z",
    "modification_date": "2018-05-02T10:17:06.964Z",
    "name": "You want to contact a veterinarian.",
    "description": "You want to contact a veterinarian.",
    "voice_label": 65
  }
},
{
  "model": "service_development.voiceservicesubelement",
  "pk": 21,
  "fields": {
    "service": 1,
    "creation_date": "2018-05-02T09:27:03.051Z",
    "modification_date": "2018-05-02T10:17:24.186Z",
    "name": "You can choose from 3 veterinarians.",
    "description": "You can choose from 3 veterinarians.",
    "voice_label": 64
  }
},
{
  "model": "service_development.voiceservicesubelement",
  "pk": 22,
  "fields": {
    "service": 1,
    "creation_date": "2018-05-02T09:27:39.623Z",
    "modification_date": "2018-05-02T10:17:38.214Z",
    "name": "Veterinarian 1 has 2 years experience.",
    "description": "Veterinarian 1 has 2 years experience.",
    "voice_label": 50
  }
},
{
  "model": "service_development.voiceservicesubelement",
  "pk": 23,
  "fields": {
    "service": 1,
    "creation_date": "2018-05-02T09:28:32.391Z",
    "modification_date": "2018-05-02T10:17:49.761Z",
    "name": "Veterinarian 2 has 5 years experience",
    "description": "Veterinarian 1 has 2 years experience.",
    "voice_label": 51
  }
},
{
  "model": "service_development.voiceservicesubelement",
  "pk": 24,
  "fields": {
    "service": 1,
    "creation_date": "2018-05-02T09:31:53.482Z",
    "modification_date": "2018-05-02T09:31:53.482Z",
    "name": "Thank you for contacting PoultryVet.",
    "description": "Thank you for contacting PoultryVet.",
    "voice_label": 62
  }
},
{
  "model": "service_development.voiceservicesubelement",
  "pk": 25,
  "fields": {
    "service": 1,
    "creation_date": "2018-05-02T09:33:21.551Z",
    "modification_date": "2018-05-02T10:15:56.453Z",
    "name": "Put through veterinarian 1",
    "description": "Put through veterinarian 1",
    "voice_label": 47
  }
},
{
  "model": "service_development.voiceservicesubelement",
  "pk": 26,
  "fields": {
    "service": 1,
    "creation_date": "2018-05-02T09:33:47.427Z",
    "modification_date": "2018-05-02T10:16:07.109Z",
    "name": "Put through veterinarian 2",
    "description": "Put through veterinarian 2",
    "voice_label": 48
  }
},
{
  "model": "service_development.voiceservicesubelement",
  "pk": 27,
  "fields": {
    "service": 1,
    "creation_date": "2018-05-02T09:34:06.721Z",
    "modification_date": "2018-05-02T10:16:16.468Z",
    "name": "Put through veterinarian 3",
    "description": "Put through veterinarian 3",
    "voice_label": 49
  }
},
{
  "model": "service_development.voiceservicesubelement",
  "pk": 28,
  "fields": {
    "service": 1,
    "creation_date": "2018-05-02T09:34:38.526Z",
    "modification_date": "2018-05-02T10:16:35.239Z",
    "name": "Message veterinarian 1",
    "description": "Message Veterinarian 1",
    "voice_label": 44
  }
},
{
  "model": "service_development.voiceservicesubelement",
  "pk": 29,
  "fields": {
    "service": 1,
    "creation_date": "2018-05-02T09:34:54.388Z",
    "modification_date": "2018-05-02T10:16:40.643Z",
    "name": "Message veterinarian 2",
    "description": "Message veterinarian 2",
    "voice_label": 45
  }
},
{
  "model": "service_development.voiceservicesubelement",
  "pk": 30,
  "fields": {
    "service": 1,
    "creation_date": "2018-05-02T09:35:08.198Z",
    "modification_date": "2018-05-02T10:16:45.288Z",
    "name": "Message veterinarian 3",
    "description": "Message veterinarian 3",
    "voice_label": 46
  }
},
{
  "model": "service_development.voiceservicesubelement",
  "pk": 31,
  "fields": {
    "service": 1,
    "creation_date": "2018-05-02T09:39:10.183Z",
    "modification_date": "2018-05-02T09:39:10.183Z",
    "name": "CE - Please select your animal.",
    "description": "Please select your animal.",
    "voice_label": 60
  }
},
{
  "model": "service_development.voiceservicesubelement",
  "pk": 32,
  "fields": {
    "service": 1,
    "creation_date": "2018-05-02T09:39:10.187Z",
    "modification_date": "2018-05-02T09:39:10.187Z",
    "name": "1",
    "description": "Chickens",
    "voice_label": 33
  }
},
{
  "model": "service_development.voiceservicesubelement",
  "pk": 33,
  "fields": {
    "service": 1,
    "creation_date": "2018-05-02T09:39:10.189Z",
    "modification_date": "2018-05-02T09:39:10.189Z",
    "name": "2",
    "description": "Fowls",
    "voice_label": 34
  }
},
{
  "model": "service_development.voiceservicesubelement",
  "pk": 34,
  "fields": {
    "service": 1,
    "creation_date": "2018-05-02T09:39:10.191Z",
    "modification_date": "2018-05-02T09:39:10.191Z",
    "name": "3",
    "description": "Ducks",
    "voice_label": 35
  }
},
{
  "model": "service_development.voiceservicesubelement",
  "pk": 35,
  "fields": {
    "service": 1,
    "creation_date": "2018-05-02T09:39:10.193Z",
    "modification_date": "2018-05-02T09:39:10.193Z",
    "name": "4",
    "description": "Turkeys",
    "voice_label": 36
  }
},
{
  "model": "service_development.voiceservicesubelement",
  "pk": 36,
  "fields": {
    "service": 1,
    "creation_date": "2018-05-02T09:42:32.024Z",
    "modification_date": "2018-05-02T10:07:55.313Z",
    "name": "We now are going to ask a couple of questions.",
    "description": "We now are going to ask a couple of questions.",
    "voice_label": 63
  }
},
{
  "model": "service_development.voiceservicesubelement",
  "pk": 37,
  "fields": {
    "service": 1,
    "creation_date": "2018-05-02T09:44:11.571Z",
    "modification_date": "2018-05-02T10:00:16.922Z",
    "name": "CE - Is the animal sneezing?",
    "description": "Is the animal sneezing?",
    "voice_label": 55
  }
},
{
  "model": "service_development.voiceservicesubelement",
  "pk": 38,
  "fields": {
    "service": 1,
    "creation_date": "2018-05-02T09:44:11.575Z",
    "modification_date": "2018-05-02T10:00:16.925Z",
    "name": "1",
    "description": "Yes",
    "voice_label": 29
  }
},
{
  "model": "service_development.voiceservicesubelement",
  "pk": 39,
  "fields": {
    "service": 1,
    "creation_date": "2018-05-02T09:44:11.577Z",
    "modification_date": "2018-05-02T10:00:16.927Z",
    "name": "2",
    "description": "No",
    "voice_label": 30
  }
},
{
  "model": "service_development.voiceservicesubelement",
  "pk": 40,
  "fields": {
    "service": 1,
    "creation_date": "2018-05-02T09:47:06.580Z",
    "modification_date": "2018-05-02T10:01:00.267Z",
    "name": "CE - Does your animal has watery and green diarrhea?",
    "description": "Does your animal has watery and green diarrhea?",
    "voice_label": 32
  }
},
{
  "model": "service_development.voiceservicesubelement",
  "pk": 41,
  "fields": {
    "service": 1,
    "creation_date": "2018-05-02T09:47:06.584Z",
    "modification_date": "2018-05-02T10:01:00.271Z",
    "name": "1",
    "description": "Yes",
    "voice_label": 29
  }
},
{
  "model": "service_development.voiceservicesubelement",
  "pk": 42,
  "fields": {
    "service": 1,
    "creation_date": "2018-05-02T09:47:06.586Z",
    "modification_date": "2018-05-02T10:01:00.273Z",
    "name": "2",
    "description": "No",
    "voice_label": 30
  }
},
{
  "model": "service_development.voiceservicesubelement",
  "pk": 43,
  "fields": {
    "service": 1,
    "creation_date": "2018-05-02T09:48:08.800Z",
    "modification_date": "2018-05-02T10:01:46.072Z",
    "name": "CE - Is the animal drinking and eating less than normal?",
    "description": "Is the animal drinking and eating less than normal?",
    "voice_label": 54
  }
},
{
  "model": "service_development.voiceservicesubelement",
  "pk": 44,
  "fields": {
    "service": 1,
    "creation_date": "2018-05-02T09:48:08.807Z",
    "modification_date": "2018-05-02T10:01:46.077Z",
    "name": "1",
    "description": "Yes",
    "voice_label": 29
  }
},
{
  "model": "service_development.voiceservicesubelement",
  "pk": 45,
  "fields": {
    "service": 1,
    "creation_date": "2018-05-02T09:48:08.809Z",
    "modification_date": "2018-05-02T10:01:46.080Z",
    "name": "2",
    "description": "No",
    "voice_label": 30
  }
},
{
  "model": "service_development.voiceservicesubelement",
  "pk": 46,
  "fields": {
    "service": 1,
    "creation_date": "2018-05-02T09:49:06.431Z",
    "modification_date": "2018-05-03T08:57:08.512Z",
    "name": "CE - Is the animal abnormally shaking its head?",
    "description": "Is the animal abnormally shaking its head?",
    "voice_label": 53
  }
},
{
  "model": "service_development.voiceservicesubelement",
  "pk": 47,
  "fields": {
    "service": 1,
    "creation_date": "2018-05-02T09:49:06.435Z",
    "modification_date": "2018-05-03T08:57:08.516Z",
    "name": "1",
    "description": "Yes",
    "voice_label": 29
  }
},
{
  "model": "service_development.voiceservicesubelement",
  "pk": 48,
  "fields": {
    "service": 1,
    "creation_date": "2018-05-02T09:49:06.438Z",
    "modification_date": "2018-05-02T10:05:26.229Z",
    "name": "2",
    "description": "No",
    "voice_label": 30
  }
},
{
  "model": "service_development.voiceservicesubelement",
  "pk": 49,
  "fields": {
    "service": 1,
    "creation_date": "2018-05-02T09:51:46.331Z",
    "modification_date": "2018-05-03T08:57:50.007Z",
    "name": "CE - Is the animal suffering from warts and or scabs on his body?",
    "description": "Is the animal suffering from warts and or scabs on his body?",
    "voice_label": 57
  }
},
{
  "model": "service_development.voiceservicesubelement",
  "pk": 50,
  "fields": {
    "service": 1,
    "creation_date": "2018-05-02T09:51:46.336Z",
    "modification_date": "2018-05-03T08:57:50.010Z",
    "name": "1",
    "description": "Yes",
    "voice_label": 29
  }
},
{
  "model": "service_development.voiceservicesubelement",
  "pk": 51,
  "fields": {
    "service": 1,
    "creation_date": "2018-05-02T09:51:46.339Z",
    "modification_date": "2018-05-02T10:06:02.340Z",
    "name": "2",
    "description": "No",
    "voice_label": 30
  }
},
{
  "model": "service_development.voiceservicesubelement",
  "pk": 52,
  "fields": {
    "service": 1,
    "creation_date": "2018-05-02T09:52:49.822Z",
    "modification_date": "2018-05-03T08:58:16.176Z",
    "name": "CE - Does the animal has ruffled feathers?",
    "description": "Does the animal has ruffled feathers?",
    "voice_label": 31
  }
},
{
  "model": "service_development.voiceservicesubelement",
  "pk": 53,
  "fields": {
    "service": 1,
    "creation_date": "2018-05-02T09:52:49.827Z",
    "modification_date": "2018-05-03T08:58:16.179Z",
    "name": "1",
    "description": "Yes",
    "voice_label": 29
  }
},
{
  "model": "service_development.voiceservicesubelement",
  "pk": 54,
  "fields": {
    "service": 1,
    "creation_date": "2018-05-02T09:52:49.830Z",
    "modification_date": "2018-05-02T10:06:46.174Z",
    "name": "2",
    "description": "No",
    "voice_label": 30
  }
},
{
  "model": "service_development.voiceservicesubelement",
  "pk": 55,
  "fields": {
    "service": 1,
    "creation_date": "2018-05-02T09:54:32.841Z",
    "modification_date": "2018-05-03T08:58:40.621Z",
    "name": "CE - Is the animal suffering from lameness and or blindness?",
    "description": "Is the animal suffering from lameness and or blindness?",
    "voice_label": 56
  }
},
{
  "model": "service_development.voiceservicesubelement",
  "pk": 56,
  "fields": {
    "service": 1,
    "creation_date": "2018-05-02T09:54:32.846Z",
    "modification_date": "2018-05-03T08:58:40.624Z",
    "name": "1",
    "description": "Yes",
    "voice_label": 29
  }
},
{
  "model": "service_development.voiceservicesubelement",
  "pk": 57,
  "fields": {
    "service": 1,
    "creation_date": "2018-05-02T09:54:32.848Z",
    "modification_date": "2018-05-02T10:07:15.511Z",
    "name": "2",
    "description": "No",
    "voice_label": 30
  }
},
{
  "model": "service_development.voiceservicesubelement",
  "pk": 58,
  "fields": {
    "service": 1,
    "creation_date": "2018-05-02T09:58:19.680Z",
    "modification_date": "2018-05-02T09:58:19.680Z",
    "name": "CE - Select veterinarian.",
    "description": "Select veterinarian.",
    "voice_label": 52
  }
},
{
  "model": "service_development.voiceservicesubelement",
  "pk": 59,
  "fields": {
    "service": 1,
    "creation_date": "2018-05-02T09:58:19.685Z",
    "modification_date": "2018-05-02T09:58:19.685Z",
    "name": "1",
    "description": "Veterinarian 1",
    "voice_label": 37
  }
},
{
  "model": "service_development.voiceservicesubelement",
  "pk": 60,
  "fields": {
    "service": 1,
    "creation_date": "2018-05-02T09:58:19.688Z",
    "modification_date": "2018-05-02T09:58:19.688Z",
    "name": "2",
    "description": "Veterinarian 2",
    "voice_label": 38
  }
},
{
  "model": "service_development.voiceservicesubelement",
  "pk": 61,
  "fields": {
    "service": 1,
    "creation_date": "2018-05-02T09:58:19.690Z",
    "modification_date": "2018-05-02T09:58:19.690Z",
    "name": "3",
    "description": "Veterinarian 3",
    "voice_label": 39
  }
},
{
  "model": "service_development.voiceservicesubelement",
  "pk": 62,
  "fields": {
    "service": 1,
    "creation_date": "2018-05-02T10:03:36.145Z",
    "modification_date": "2018-05-02T10:07:40.847Z",
    "name": "No diagnosis",
    "description": "No diagnosis",
    "voice_label": 58
  }
},
{
  "model": "service_development.voiceservicesubelement",
  "pk": 63,
  "fields": {
    "service": 1,
    "creation_date": "2018-05-02T10:09:24.118Z",
    "modification_date": "2018-05-02T10:09:24.118Z",
    "name": "Please hold the line as we put you through.",
    "description": "Please hold the line as we put you through.",
    "voice_label": 59
  }
},
{
  "model": "service_development.voiceservicesubelement",
  "pk": 64,
  "fields": {
    "service": 1,
    "creation_date": "2018-05-03T08:37:28.983Z",
    "modification_date": "2018-05-03T08:37:28.983Z",
    "name": "Mareks Disease Info",
    "description": "Mareks Disease Info",
    "voice_label": 73
  }
},
{
  "model": "service_development.voiceservicesubelement",
  "pk": 65,
  "fields": {
    "service": 1,
    "creation_date": "2018-05-03T08:37:56.784Z",
    "modification_date": "2018-05-03T08:37:56.784Z",
    "name": "Fow Pox Info",
    "description": "Fow Pox Info",
    "voice_label": 70
  }
},
{
  "model": "service_development.voiceservicesubelement",
  "pk": 66,
  "fields": {
    "service": 1,
    "creation_date": "2018-05-03T08:38:25.362Z",
    "modification_date": "2018-05-03T08:38:25.362Z",
    "name": "Newcastle Disease Info",
    "description": "Newcastle Disease Info",
    "voice_label": 71
  }
},
{
  "model": "service_development.voiceservicesubelement",
  "pk": 67,
  "fields": {
    "service": 1,
    "creation_date": "2018-05-03T08:38:49.948Z",
    "modification_date": "2018-05-03T08:38:49.948Z",
    "name": "Infectious Bursal Disease Info",
    "description": "Infectious Bursal Disease Info",
    "voice_label": 72
  }
},
{
  "model": "service_development.voiceservicesubelement",
  "pk": 68,
  "fields": {
    "service": 1,
    "creation_date": "2018-05-03T08:48:59.811Z",
    "modification_date": "2018-05-03T08:48:59.811Z",
    "name": "CE - Newcastle Positive Diagnosis Selection",
    "description": "Newcastle Positive Diagnosis Selection",
    "voice_label": 43
  }
},
{
  "model": "service_development.voiceservicesubelement",
  "pk": 69,
  "fields": {
    "service": 1,
    "creation_date": "2018-05-03T08:48:59.816Z",
    "modification_date": "2018-05-03T08:48:59.816Z",
    "name": "1",
    "description": "Newcastle info",
    "voice_label": 68
  }
},
{
  "model": "service_development.voiceservicesubelement",
  "pk": 70,
  "fields": {
    "service": 1,
    "creation_date": "2018-05-03T08:48:59.818Z",
    "modification_date": "2018-05-03T08:48:59.818Z",
    "name": "2",
    "description": "Contact a veterinarian",
    "voice_label": 74
  }
},
{
  "model": "service_development.voiceservicesubelement",
  "pk": 71,
  "fields": {
    "service": 1,
    "creation_date": "2018-05-03T08:48:59.821Z",
    "modification_date": "2018-05-03T08:48:59.821Z",
    "name": "3",
    "description": "No info, No veterinarian",
    "voice_label": 75
  }
},
{
  "model": "service_development.voiceservicesubelement",
  "pk": 72,
  "fields": {
    "service": 1,
    "creation_date": "2018-05-03T08:51:12.994Z",
    "modification_date": "2018-05-03T08:51:12.994Z",
    "name": "CE - Fowl Pox Positive Diagnosis Selection",
    "description": "Fowl Pox Positive Diagnosis Selection",
    "voice_label": 40
  }
},
{
  "model": "service_development.voiceservicesubelement",
  "pk": 73,
  "fields": {
    "service": 1,
    "creation_date": "2018-05-03T08:51:12.999Z",
    "modification_date": "2018-05-03T08:51:12.999Z",
    "name": "1",
    "description": "Fowl Pox info",
    "voice_label": 66
  }
},
{
  "model": "service_development.voiceservicesubelement",
  "pk": 74,
  "fields": {
    "service": 1,
    "creation_date": "2018-05-03T08:51:13.002Z",
    "modification_date": "2018-05-03T08:51:13.002Z",
    "name": "2",
    "description": "Contact a veterinarian",
    "voice_label": 74
  }
},
{
  "model": "service_development.voiceservicesubelement",
  "pk": 75,
  "fields": {
    "service": 1,
    "creation_date": "2018-05-03T08:51:13.005Z",
    "modification_date": "2018-05-03T08:51:13.005Z",
    "name": "3",
    "description": "No info, No veterinarian",
    "voice_label": 75
  }
},
{
  "model": "service_development.voiceservicesubelement",
  "pk": 76,
  "fields": {
    "service": 1,
    "creation_date": "2018-05-03T08:53:28.798Z",
    "modification_date": "2018-05-03T08:53:28.798Z",
    "name": "CE - Mareks Positive Diagnosis Selection",
    "description": "Mareks Positive Diagnosis Selection",
    "voice_label": 42
  }
},
{
  "model": "service_development.voiceservicesubelement",
  "pk": 77,
  "fields": {
    "service": 1,
    "creation_date": "2018-05-03T08:53:28.803Z",
    "modification_date": "2018-05-03T08:53:28.803Z",
    "name": "1",
    "description": "Mareks info",
    "voice_label": 67
  }
},
{
  "model": "service_development.voiceservicesubelement",
  "pk": 78,
  "fields": {
    "service": 1,
    "creation_date": "2018-05-03T08:53:28.806Z",
    "modification_date": "2018-05-03T08:53:28.806Z",
    "name": "2",
    "description": "Contact a veterinarian",
    "voice_label": 74
  }
},
{
  "model": "service_development.voiceservicesubelement",
  "pk": 79,
  "fields": {
    "service": 1,
    "creation_date": "2018-05-03T08:53:28.808Z",
    "modification_date": "2018-05-03T08:53:28.808Z",
    "name": "3",
    "description": "No info, No veterinarian",
    "voice_label": 75
  }
},
{
  "model": "service_development.voiceservicesubelement",
  "pk": 80,
  "fields": {
    "service": 1,
    "creation_date": "2018-05-03T08:55:23.647Z",
    "modification_date": "2018-05-03T08:55:23.647Z",
    "name": "CE - Infectious Bursal Positive Diagnosis Selection",
    "description": "Infectious Bursal Positive Diagnosis Selection",
    "voice_label": 41
  }
},
{
  "model": "service_development.voiceservicesubelement",
  "pk": 81,
  "fields": {
    "service": 1,
    "creation_date": "2018-05-03T08:55:23.651Z",
    "modification_date": "2018-05-03T08:55:23.652Z",
    "name": "1",
    "description": "Infectious info",
    "voice_label": 69
  }
},
{
  "model": "service_development.voiceservicesubelement",
  "pk": 82,
  "fields": {
    "service": 1,
    "creation_date": "2018-05-03T08:55:23.654Z",
    "modification_date": "2018-05-03T08:55:23.654Z",
    "name": "2",
    "description": "Contact a veterinarian",
    "voice_label": 74
  }
},
{
  "model": "service_development.voiceservicesubelement",
  "pk": 83,
  "fields": {
    "service": 1,
    "creation_date": "2018-05-03T08:55:23.656Z",
    "modification_date": "2018-05-03T08:55:23.656Z",
    "name": "3",
    "description": "No info, No veterinarian",
    "voice_label": 75
  }
},
{
  "model": "service_development.voiceserviceelement",
  "pk": 8,
  "fields": {}
},
{
  "model": "service_development.voiceserviceelement",
  "pk": 10,
  "fields": {}
},
{
  "model": "service_development.voiceserviceelement",
  "pk": 11,
  "fields": {}
},
{
  "model": "service_development.voiceserviceelement",
  "pk": 15,
  "fields": {}
},
{
  "model": "service_development.voiceserviceelement",
  "pk": 16,
  "fields": {}
},
{
  "model": "service_development.voiceserviceelement",
  "pk": 17,
  "fields": {}
},
{
  "model": "service_development.voiceserviceelement",
  "pk": 18,
  "fields": {}
},
{
  "model": "service_development.voiceserviceelement",
  "pk": 19,
  "fields": {}
},
{
  "model": "service_development.voiceserviceelement",
  "pk": 20,
  "fields": {}
},
{
  "model": "service_development.voiceserviceelement",
  "pk": 21,
  "fields": {}
},
{
  "model": "service_development.voiceserviceelement",
  "pk": 22,
  "fields": {}
},
{
  "model": "service_development.voiceserviceelement",
  "pk": 23,
  "fields": {}
},
{
  "model": "service_development.voiceserviceelement",
  "pk": 24,
  "fields": {}
},
{
  "model": "service_development.voiceserviceelement",
  "pk": 25,
  "fields": {}
},
{
  "model": "service_development.voiceserviceelement",
  "pk": 26,
  "fields": {}
},
{
  "model": "service_development.voiceserviceelement",
  "pk": 27,
  "fields": {}
},
{
  "model": "service_development.voiceserviceelement",
  "pk": 28,
  "fields": {}
},
{
  "model": "service_development.voiceserviceelement",
  "pk": 29,
  "fields": {}
},
{
  "model": "service_development.voiceserviceelement",
  "pk": 30,
  "fields": {}
},
{
  "model": "service_development.voiceserviceelement",
  "pk": 31,
  "fields": {}
},
{
  "model": "service_development.voiceserviceelement",
  "pk": 36,
  "fields": {}
},
{
  "model": "service_development.voiceserviceelement",
  "pk": 37,
  "fields": {}
},
{
  "model": "service_development.voiceserviceelement",
  "pk": 40,
  "fields": {}
},
{
  "model": "service_development.voiceserviceelement",
  "pk": 43,
  "fields": {}
},
{
  "model": "service_development.voiceserviceelement",
  "pk": 46,
  "fields": {}
},
{
  "model": "service_development.voiceserviceelement",
  "pk": 49,
  "fields": {}
},
{
  "model": "service_development.voiceserviceelement",
  "pk": 52,
  "fields": {}
},
{
  "model": "service_development.voiceserviceelement",
  "pk": 55,
  "fields": {}
},
{
  "model": "service_development.voiceserviceelement",
  "pk": 58,
  "fields": {}
},
{
  "model": "service_development.voiceserviceelement",
  "pk": 62,
  "fields": {}
},
{
  "model": "service_development.voiceserviceelement",
  "pk": 63,
  "fields": {}
},
{
  "model": "service_development.voiceserviceelement",
  "pk": 64,
  "fields": {}
},
{
  "model": "service_development.voiceserviceelement",
  "pk": 65,
  "fields": {}
},
{
  "model": "service_development.voiceserviceelement",
  "pk": 66,
  "fields": {}
},
{
  "model": "service_development.voiceserviceelement",
  "pk": 67,
  "fields": {}
},
{
  "model": "service_development.voiceserviceelement",
  "pk": 68,
  "fields": {}
},
{
  "model": "service_development.voiceserviceelement",
  "pk": 72,
  "fields": {}
},
{
  "model": "service_development.voiceserviceelement",
  "pk": 76,
  "fields": {}
},
{
  "model": "service_development.voiceserviceelement",
  "pk": 80,
  "fields": {}
},
{
  "model": "service_development.voiceservice",
  "pk": 1,
  "fields": {
    "name": "PoultryVet",
    "description": "PoultryVet App",
    "creation_date": "2017-04-23T19:23:52.392Z",
    "modification_date": "2018-05-02T08:07:53.182Z",
    "active": true,
    "_start_element": 8,
    "registration": "disabled",
    "registration_language": true,
    "registration_name": false,
    "supported_languages": [
      2
    ]
  }
},
{
  "model": "service_development.kasadakauser",
  "pk": 1,
  "fields": {
    "caller_id": "456",
    "first_name": "Henk",
    "last_name": "Ernia",
    "creation_date": "2018-02-02T11:10:27.670Z",
    "modification_date": "2018-02-12T14:44:24.019Z",
    "language": null,
    "service": 1
  }
},
{
  "model": "service_development.callsession",
  "pk": 1,
  "fields": {
    "start": "2018-05-02T12:38:09.167Z",
    "end": "2018-05-02T12:38:09.428Z",
    "user": null,
    "caller_id": "12345",
    "service": 1,
    "_language": 2
  }
},
{
  "model": "service_development.callsessionstep",
  "pk": 1,
  "fields": {
    "time": "2018-05-02T12:38:09.431Z",
    "session": 1,
    "_visited_element": 8,
    "description": null
  }
},
{
  "model": "service_development.choice",
  "pk": 11,
  "fields": {}
},
{
  "model": "service_development.choice",
  "pk": 31,
  "fields": {}
},
{
  "model": "service_development.choice",
  "pk": 37,
  "fields": {}
},
{
  "model": "service_development.choice",
  "pk": 40,
  "fields": {}
},
{
  "model": "service_development.choice",
  "pk": 43,
  "fields": {}
},
{
  "model": "service_development.choice",
  "pk": 46,
  "fields": {}
},
{
  "model": "service_development.choice",
  "pk": 49,
  "fields": {}
},
{
  "model": "service_development.choice",
  "pk": 52,
  "fields": {}
},
{
  "model": "service_development.choice",
  "pk": 55,
  "fields": {}
},
{
  "model": "service_development.choice",
  "pk": 58,
  "fields": {}
},
{
  "model": "service_development.choice",
  "pk": 68,
  "fields": {}
},
{
  "model": "service_development.choice",
  "pk": 72,
  "fields": {}
},
{
  "model": "service_development.choice",
  "pk": 76,
  "fields": {}
},
{
  "model": "service_development.choice",
  "pk": 80,
  "fields": {}
},
{
  "model": "service_development.choiceoption",
  "pk": 12,
  "fields": {
    "parent": 11,
    "_redirect": 20
  }
},
{
  "model": "service_development.choiceoption",
  "pk": 13,
  "fields": {
    "parent": 11,
    "_redirect": 24
  }
},
{
  "model": "service_development.choiceoption",
  "pk": 32,
  "fields": {
    "parent": 31,
    "_redirect": 15
  }
},
{
  "model": "service_development.choiceoption",
  "pk": 33,
  "fields": {
    "parent": 31,
    "_redirect": 15
  }
},
{
  "model": "service_development.choiceoption",
  "pk": 34,
  "fields": {
    "parent": 31,
    "_redirect": 15
  }
},
{
  "model": "service_development.choiceoption",
  "pk": 35,
  "fields": {
    "parent": 31,
    "_redirect": 15
  }
},
{
  "model": "service_development.choiceoption",
  "pk": 38,
  "fields": {
    "parent": 37,
    "_redirect": 40
  }
},
{
  "model": "service_development.choiceoption",
  "pk": 39,
  "fields": {
    "parent": 37,
    "_redirect": 43
  }
},
{
  "model": "service_development.choiceoption",
  "pk": 41,
  "fields": {
    "parent": 40,
    "_redirect": 46
  }
},
{
  "model": "service_development.choiceoption",
  "pk": 42,
  "fields": {
    "parent": 40,
    "_redirect": 49
  }
},
{
  "model": "service_development.choiceoption",
  "pk": 44,
  "fields": {
    "parent": 43,
    "_redirect": 52
  }
},
{
  "model": "service_development.choiceoption",
  "pk": 45,
  "fields": {
    "parent": 43,
    "_redirect": 55
  }
},
{
  "model": "service_development.choiceoption",
  "pk": 47,
  "fields": {
    "parent": 46,
    "_redirect": 68
  }
},
{
  "model": "service_development.choiceoption",
  "pk": 48,
  "fields": {
    "parent": 46,
    "_redirect": 62
  }
},
{
  "model": "service_development.choiceoption",
  "pk": 50,
  "fields": {
    "parent": 49,
    "_redirect": 72
  }
},
{
  "model": "service_development.choiceoption",
  "pk": 51,
  "fields": {
    "parent": 49,
    "_redirect": 62
  }
},
{
  "model": "service_development.choiceoption",
  "pk": 53,
  "fields": {
    "parent": 52,
    "_redirect": 80
  }
},
{
  "model": "service_development.choiceoption",
  "pk": 54,
  "fields": {
    "parent": 52,
    "_redirect": 62
  }
},
{
  "model": "service_development.choiceoption",
  "pk": 56,
  "fields": {
    "parent": 55,
    "_redirect": 76
  }
},
{
  "model": "service_development.choiceoption",
  "pk": 57,
  "fields": {
    "parent": 55,
    "_redirect": 62
  }
},
{
  "model": "service_development.choiceoption",
  "pk": 59,
  "fields": {
    "parent": 58,
    "_redirect": 25
  }
},
{
  "model": "service_development.choiceoption",
  "pk": 60,
  "fields": {
    "parent": 58,
    "_redirect": 26
  }
},
{
  "model": "service_development.choiceoption",
  "pk": 61,
  "fields": {
    "parent": 58,
    "_redirect": 27
  }
},
{
  "model": "service_development.choiceoption",
  "pk": 69,
  "fields": {
    "parent": 68,
    "_redirect": 66
  }
},
{
  "model": "service_development.choiceoption",
  "pk": 70,
  "fields": {
    "parent": 68,
    "_redirect": 21
  }
},
{
  "model": "service_development.choiceoption",
  "pk": 71,
  "fields": {
    "parent": 68,
    "_redirect": 24
  }
},
{
  "model": "service_development.choiceoption",
  "pk": 73,
  "fields": {
    "parent": 72,
    "_redirect": 65
  }
},
{
  "model": "service_development.choiceoption",
  "pk": 74,
  "fields": {
    "parent": 72,
    "_redirect": 21
  }
},
{
  "model": "service_development.choiceoption",
  "pk": 75,
  "fields": {
    "parent": 72,
    "_redirect": 24
  }
},
{
  "model": "service_development.choiceoption",
  "pk": 77,
  "fields": {
    "parent": 76,
    "_redirect": 64
  }
},
{
  "model": "service_development.choiceoption",
  "pk": 78,
  "fields": {
    "parent": 76,
    "_redirect": 21
  }
},
{
  "model": "service_development.choiceoption",
  "pk": 79,
  "fields": {
    "parent": 76,
    "_redirect": 24
  }
},
{
  "model": "service_development.choiceoption",
  "pk": 81,
  "fields": {
    "parent": 80,
    "_redirect": 67
  }
},
{
  "model": "service_development.choiceoption",
  "pk": 82,
  "fields": {
    "parent": 80,
    "_redirect": 21
  }
},
{
  "model": "service_development.choiceoption",
  "pk": 83,
  "fields": {
    "parent": 80,
    "_redirect": 24
  }
},
{
  "model": "service_development.messagepresentation",
  "pk": 8,
  "fields": {
    "final_element": false,
    "_redirect": 31
  }
},
{
  "model": "service_development.messagepresentation",
  "pk": 10,
  "fields": {
    "final_element": true,
    "_redirect": null
  }
},
{
  "model": "service_development.messagepresentation",
  "pk": 15,
  "fields": {
    "final_element": false,
    "_redirect": 36
  }
},
{
  "model": "service_development.messagepresentation",
  "pk": 16,
  "fields": {
    "final_element": false,
    "_redirect": 11
  }
},
{
  "model": "service_development.messagepresentation",
  "pk": 17,
  "fields": {
    "final_element": false,
    "_redirect": 11
  }
},
{
  "model": "service_development.messagepresentation",
  "pk": 18,
  "fields": {
    "final_element": false,
    "_redirect": 11
  }
},
{
  "model": "service_development.messagepresentation",
  "pk": 19,
  "fields": {
    "final_element": false,
    "_redirect": 11
  }
},
{
  "model": "service_development.messagepresentation",
  "pk": 20,
  "fields": {
    "final_element": false,
    "_redirect": 21
  }
},
{
  "model": "service_development.messagepresentation",
  "pk": 21,
  "fields": {
    "final_element": false,
    "_redirect": 22
  }
},
{
  "model": "service_development.messagepresentation",
  "pk": 22,
  "fields": {
    "final_element": false,
    "_redirect": 23
  }
},
{
  "model": "service_development.messagepresentation",
  "pk": 23,
  "fields": {
    "final_element": false,
    "_redirect": 58
  }
},
{
  "model": "service_development.messagepresentation",
  "pk": 24,
  "fields": {
    "final_element": false,
    "_redirect": 10
  }
},
{
  "model": "service_development.messagepresentation",
  "pk": 25,
  "fields": {
    "final_element": false,
    "_redirect": 28
  }
},
{
  "model": "service_development.messagepresentation",
  "pk": 26,
  "fields": {
    "final_element": false,
    "_redirect": 29
  }
},
{
  "model": "service_development.messagepresentation",
  "pk": 27,
  "fields": {
    "final_element": false,
    "_redirect": 30
  }
},
{
  "model": "service_development.messagepresentation",
  "pk": 28,
  "fields": {
    "final_element": true,
    "_redirect": null
  }
},
{
  "model": "service_development.messagepresentation",
  "pk": 29,
  "fields": {
    "final_element": true,
    "_redirect": null
  }
},
{
  "model": "service_development.messagepresentation",
  "pk": 30,
  "fields": {
    "final_element": true,
    "_redirect": null
  }
},
{
  "model": "service_development.messagepresentation",
  "pk": 36,
  "fields": {
    "final_element": false,
    "_redirect": 37
  }
},
{
  "model": "service_development.messagepresentation",
  "pk": 62,
  "fields": {
    "final_element": false,
    "_redirect": 11
  }
},
{
  "model": "service_development.messagepresentation",
  "pk": 63,
  "fields": {
    "final_element": true,
    "_redirect": null
  }
},
{
  "model": "service_development.messagepresentation",
  "pk": 64,
  "fields": {
    "final_element": false,
    "_redirect": 11
  }
},
{
  "model": "service_development.messagepresentation",
  "pk": 65,
  "fields": {
    "final_element": false,
    "_redirect": 11
  }
},
{
  "model": "service_development.messagepresentation",
  "pk": 66,
  "fields": {
    "final_element": false,
    "_redirect": 11
  }
},
{
  "model": "service_development.messagepresentation",
  "pk": 67,
  "fields": {
    "final_element": false,
    "_redirect": 11
  }
}
]
